Idx,Name,Email,IC,PhoneNum,HireDate,BirthDate
1,Frank Johnson,qkwtv@consultingfirm.net,S1754299L,(79)-32118966,09/03/1987,09/12/1998
2,Grace Lee,voabp@softwaredev.com,S2495281Y,(75)-60536119,14/01/1993,29/12/1994
3,Henry Adams,sjvit@innovatech.io,S6190344B,(76)-18837574,13/11/1986,15/12/1985
4,Eve Brown,dkhzy@healthcareplus.org,S6714771C,(11)-43795543,03/09/1996,23/06/1984
5,Eve Brown,yzdqi@marketplace.biz,S6351711Y,(75)-72256520,31/01/1978,08/04/1974
6,Carol White,bodey@innovatech.io,S3818194F,(70)-82266698,08/08/1993,12/05/1987
7,Jane White,cnmam@innovatech.io,S8566435T,(31)-37007071,02/07/1977,30/12/1989
8,Henry White,ojipx@techcorp.com,S3994947V,(79)-23900913,11/11/1986,14/07/1984
9,Henry Johnson,nwtrj@softwaredev.com,S9085419T,(30)-60760992,11/06/1974,15/08/1970
10,Carol Brown,jztxi@techcorp.com,S4335497O,(73)-07636602,20/01/1977,09/03/1970
11,Alice Smith,oxtdt@businessinc.net,S2874438W,(32)-99535281,26/12/1985,07/08/1972
12,Carol Black,rmxcn@webservices.org,S5126881B,(77)-47934303,02/02/1977,16/12/1981
13,Alice Lee,gprum@healthcareplus.org,S2848066A,(36)-26430067,30/04/1981,11/05/1987
14,John White,yxtrj@financesolutions.com,S9813767T,(62)-19432985,28/06/1997,26/06/1997
15,Jane Smith,xondf@webservices.org,S1935739Y,(40)-17467156,10/06/1991,24/09/1985
16,Grace Johnson,upgvm@webservices.org,S7061107M,(34)-62703816,25/08/1995,23/06/1995
17,Grace Harris,ooqle@webservices.org,S4639297P,(53)-24939104,11/07/1984,21/07/2000
18,Bob White,anqwc@marketplace.biz,S9847904R,(90)-48249148,20/06/1987,24/11/1974
19,Eve Johnson,voxlc@webservices.org,S7186600X,(76)-48108455,14/05/1997,06/11/1988
20,Henry Black,ksukh@logistics.co,S9804148G,(82)-89358624,08/06/1983,14/01/1995
21,Alice Doe,cqxag@financesolutions.com,S3132549L,(40)-15638416,03/09/1996,09/03/1972
22,Carol Adams,darxm@webservices.org,S9674195L,(15)-87651281,20/06/1987,09/07/1973
23,Grace Johnson,rbmxx@financesolutions.com,S8700925I,(88)-95803606,16/11/1973,26/06/1997
24,Carol Lee,nyncz@techcorp.com,S6111184X,(34)-36730817,03/09/1996,26/06/1997
25,Alice Black,cklai@logistics.co,S0207539N,(48)-32282616,07/01/1972,07/08/1972
26,Frank Black,cqmdq@healthcareplus.org,S7031195P,(65)-98693581,28/06/1997,14/05/2000
27,Eve Brown,jyxuw@marketplace.biz,S1962314N,(15)-16079846,20/06/1987,15/08/1970
28,Grace Lee,yozqa@healthcareplus.org,S7986587H,(12)-39271200,09/12/1974,15/08/1970
29,Jane Smith,qqlob@businessinc.net,S8159025K,(71)-30581117,03/09/1996,09/03/1970
30,John Brown,jcrjt@consultingfirm.net,S6383475P,(35)-42849623,10/06/1991,11/05/1987
31,John White,fzuiz@healthcareplus.org,S8083112I,(61)-51359178,05/01/1979,15/01/1980
32,David Green,xvlsw@financesolutions.com,S0073841R,(58)-02360181,18/01/1976,14/01/1995
33,Eve Harris,prtoy@consultingfirm.net,S3850860C,(71)-23769480,12/05/1999,02/07/1989
34,Grace Harris,xhhtl@businessinc.net,S3496712C,(63)-12493202,03/02/1987,09/03/1972
35,Henry Smith,mybkc@logistics.co,S6501036I,(15)-71453449,11/11/1986,09/03/1970
36,Grace Lee,epbpn@webservices.org,S4183813D,(99)-77878764,16/11/1973,11/10/1993
37,Bob Lee,xuyby@consultingfirm.net,S1692537H,(14)-37233946,02/10/1982,21/07/2000
38,Jane Green,niycl@innovatech.io,S3321740E,(97)-58803683,20/03/2000,19/08/1994
39,Carol Harris,pqaqz@webservices.org,S8256721P,(22)-70895858,26/05/1973,01/05/1985
40,Frank Lee,fzyrb@marketplace.biz,S7743904P,(67)-15418454,05/01/1979,06/09/1971
41,Henry Smith,ydtxm@consultingfirm.net,S5027066P,(49)-85419571,09/10/1980,12/05/1987
42,Jane Doe,ywhba@techcorp.com,S6434318J,(47)-14783997,24/01/1997,29/09/1979
43,Frank Doe,uachn@consultingfirm.net,S2132744L,(71)-40568010,15/08/1993,28/09/1975
44,John Smith,dfigc@marketplace.biz,S5552115O,(63)-41595843,03/09/1996,08/07/1983
45,Grace Smith,ecwsx@webservices.org,S5045003A,(72)-29206305,03/09/1996,30/10/1971
46,Eve Brown,opdsj@techcorp.com,S3097344K,(15)-01487223,07/01/1972,15/08/1970
47,John Adams,dahai@techcorp.com,S9722129A,(47)-25002142,08/07/1977,27/09/1974
48,John Johnson,upbdj@softwaredev.com,S5696062F,(36)-79717904,04/06/1977,22/02/1987
49,Grace Green,bcklm@logistics.co,S3036938M,(42)-66154117,08/06/1983,14/05/2000
50,Bob Smith,wgsiv@healthcareplus.org,S8874289Q,(92)-54539512,19/06/1985,29/12/1994
